上能电气宁夏10GW逆变器工厂正式投产,https://news.solarbe.com/202107/23/342077.html,黑鹰光伏,宁夏光伏试产光伏逆变器光伏项目,2021-07-23
江苏晶飞5GW高效光伏产业项目落地,https://news.solarbe.com/202107/22/342048.html,新华报业网,江苏晶飞光伏产业项目组件,2021-07-22
北非最大！阳光电源签约埃及200MW项目,https://news.solarbe.com/202105/07/338331.html,阳光电源,阳光电源收费客户光伏电站,2021-05-07
天津大沽街引进华电海晶“盐光互补”光伏发电项目，总投资40亿元,https://news.solarbe.com/202105/07/338318.html,光伏,华电海晶盐光互补光伏发电,2021-05-07
江西公布2021年首批光伏发电项目竞争结果，大唐、华能、国家能源位列前三,https://news.solarbe.com/202105/07/338313.html,北极星太阳能光伏网,光伏发电光储一体化光伏项目2021年竞争性配置,2021-05-07
5月20日前报送！河南及甘肃相继启动源网荷储、多能互补项目申报工作,https://news.solarbe.com/202105/07/338304.html,光伏,源网荷储多能互补光伏发电,2021-05-07
总投资8.7亿元！凯盛一期项目西部首条光伏玻璃生产线点火投产！,https://news.solarbe.com/202105/07/338295.html,光伏头条,凯盛光伏玻璃太阳能产业,2021-05-07
总投资4.1亿元！年产400套(1200片)风电叶片项目落户齐齐哈尔！,https://news.solarbe.com/202105/06/338250.html,齐齐哈尔市委宣传部,风电叶片项目齐齐哈尔风电产业,2021-05-06
“光伏公寓”，来了！,https://news.solarbe.com/202104/30/338162.html,阳光家庭光伏,光伏公寓清洁电力光伏电站,2021-04-30
重大签约：中核汇能2GW滩涂光伏、中国电建智利480MW,https://news.solarbe.com/202104/30/338145.html,PV-Tech,中核汇能中国电建智利滩涂光伏项目,2021-04-30
浙江海宁启动全省首个用户侧“光伏+储能”项目,https://news.solarbe.com/202104/30/338134.html,科技日报,浙江海宁光伏+储能光伏项目,2021-04-30
100MW/200MWh！湖南省最大电网侧储能电站城步开建,https://news.solarbe.com/202104/29/338087.html,储能网,储能电站新能源储能项目,2021-04-29
中核拟在连云港投建2GW滩涂光伏示范项目,https://news.solarbe.com/202104/28/338008.html,光伏,中核光伏示范项目新能源,2021-04-28
总投资214亿！青海海西4000兆瓦风光储氢一体化项目协议签约,https://news.solarbe.com/202104/26/337826.html,中国能建规划设计集团,4000兆瓦风光储氢一体化项目光伏发电碳达峰、碳中和,2021-04-26
214亿！中国能建签署青海海西4GW风光储氢一体化项目协议,https://news.solarbe.com/202104/26/337804.html,PV-Tech,风光储氢一体化能源转型碳达峰、碳中和,2021-04-26
国网公布2021年第六批可再生能源发电补贴项目清单,https://news.solarbe.com/202103/31/336538.html,国网新能源云,第六批可再生能源发电补贴项目清单光伏发电光伏补贴,2021-03-31
2021-2030年全球预计新增风电装机容量接近1太瓦,https://news.solarbe.com/202103/30/336483.html,电缆网,WoodMackenzie装机容量风能,2021-03-30
英国示范氢气燃料供热住宅，2030年前建立氢能小镇,https://news.solarbe.com/202103/18/336025.html,国际能源小数据,氢气取暖,2021-03-18
德国与加拿大计划联合开发绿色氢能,https://news.solarbe.com/202103/18/335989.html,电缆网,可再生能源氢,2021-03-18
Saipem希望在意大利、阿尔巴尼亚和摩洛哥建立绿色氢生产厂,https://news.solarbe.com/202103/17/335978.html,pv-magazine,氢Saipem,2021-03-17
漂浮式风电技术创新是进一步降低成本的关键！,https://news.solarbe.com/202103/16/335923.html,海上风电观察,海上漂浮式风电锚定技术,2021-03-16
2020年广东完成光伏项目备案17GW：广东能源1.8GW，大唐、中广核超1GW,https://news.solarbe.com/202103/09/335677.html,北极星太阳能光伏网,光伏发电项目光伏备案广东光伏市场,2021-03-09
大基地：国能投牵手青海，三峡签约四川、重庆，广东电力投资新疆！,https://news.solarbe.com/202103/01/335180.html,智汇光伏,国能投三峡广东电力光伏项目投资,2021-03-01
总投资150亿！华能将启动山西芮城风光储氢项目基地建设,https://news.solarbe.com/202102/25/335115.html,芮城县人民政府,华能集团平价光伏风光储氢项目基地,2021-02-25
粤电力拟投资上百亿元建设光伏及风力发电项目,https://news.solarbe.com/202102/24/335057.html,北京商报,粤电力光伏发电项目,2021-02-24
美利云50MWp光伏电站项目被国家电网纳入发电补贴项目清单,https://news.solarbe.com/202102/24/335053.html,中国证券网,美利云电站项目发电补贴项目,2021-02-24
维他奶抢先布局新能源 广东省佛山工厂光伏项目并网运行,https://news.solarbe.com/202102/08/334731.html,中新经纬,电站并网光伏项目广东光伏市场,2021-02-08
陕西：商洛建成陕南最大光伏农业与观光旅游综合利用示范项目,https://news.solarbe.com/202102/07/334705.html,西部网,商洛光伏光伏发电光伏项目,2021-02-07
大唐再签1GW风光项目,https://news.solarbe.com/202102/07/334673.html,大唐集团,大唐光伏项目签约央企,2021-02-07
涉及光伏项目7个！西安市2021重点建设项目公布,https://news.solarbe.com/202102/05/334648.html,西安市发展和改革委员会,重点项目隆基单晶电池,2021-02-05
投资6.3亿！广东河源市150MW平价农光互补电站即将落户,https://news.solarbe.com/202102/04/334615.html,南粤橘城,农光互补光伏电站广东光伏市场,2021-02-04
100MW！上海电建吕四平价光伏项目顺利并网发电,https://news.solarbe.com/202102/04/334614.html,上海电建,平价上网光伏发电光伏组件,2021-02-04
20GW！甘肃光热发电公司布局两大风光热储一体化清洁能源基地,https://news.solarbe.com/202102/04/334612.html,CSPPLAZA光热发电平台,风光热储一体化光热项目光伏项目,2021-02-04
北京国电中兴灵武韩家沟100MWp光伏发电复合110kV输变电工程获核准,https://news.solarbe.com/202102/02/334545.html,宁夏回族自治区发改委,光伏发电光伏项目并网宁夏光伏市场,2021-02-02
总投资10亿元！通威（东营）渔光一体生态园200MW光伏电站全容量并网发电,https://news.solarbe.com/202101/29/334435.html,东营网,通威光伏电站并网光伏发电,2021-01-29
四川武骏年产8GW光伏封装材料及制品项目签约,https://news.solarbe.com/202101/29/334489.html,攀枝花市经济合作局,四川武骏光伏封装材料光伏辅材,2021-01-29
胜利油田首个“风光热储”新能源技术示范工程并网发电,https://news.solarbe.com/202101/28/334391.html,大众日报,风光热储光伏装机量电站并网,2021-01-28
龙源电力签订辽中区40万千瓦光伏项目协议,https://news.solarbe.com/202101/25/334275.html,国家能源投资集团有限责任公司,龙源电力光伏发电光伏项目,2021-01-25
广东惠州建设90兆瓦光伏发电项目，年发电量为1亿度，投资3.6亿元,https://news.solarbe.com/202101/25/334256.html,南粤特搜,广东光伏发电光伏项目,2021-01-25
1000kg/日 广东佛山首座氢电光伏发电综合站试运行,https://news.solarbe.com/202101/21/334160.html,佛山日报,光伏制氢氢能广东光伏市场,2021-01-21
2020年达拉特光伏发电应用领跑基地一期项目实现产值3.47亿元,https://news.solarbe.com/202101/21/334136.html,达拉特发布,领跑者光伏奖励基地达拉特领跑者,2021-01-21
总投资24亿！华能集团签约河南洛阳光伏及风电项目均不低于200MW,https://news.solarbe.com/202101/19/334094.html,洛阳网,华能集团光伏项目河南光伏市场,2021-01-19
靖远煤电与国家电投、上海核工程设计院签署1GW农光互补项目合作协议,https://news.solarbe.com/202101/19/334093.html,靖远煤电,国家电投农光互补靖远煤电,2021-01-19
国内最大沙漠集中式光伏发电基地在达拉特并网,https://news.solarbe.com/202101/19/334082.html,内蒙古日报,达拉特光伏领跑基地电站并网光伏装机量,2021-01-19
大唐两个渔光互补光伏项目实现全容量发电,https://news.solarbe.com/202101/18/334065.html,中国电建集团,大唐渔光互补电站并网,2021-01-18
52.8亿元新型高效光伏电池及组件项目落户江苏金坛,https://news.solarbe.com/202101/18/334061.html,常州日报,高效组件光伏投资江苏光伏市场,2021-01-18
合计3.85GW！华能与四川阿坝县签约4个光伏基地项目,https://news.solarbe.com/202101/18/334035.html,阿坝县人民政府,华能光伏项目四川光伏市场,2021-01-18
甘肃玉门单体最大光伏项目并网发电,https://news.solarbe.com/202101/15/333998.html,兰州新闻网,光伏并网光伏项目甘肃光伏市场,2021-01-15
贵州黔西南州2020年19个全国竞价光伏项目 全部并网发电,https://news.solarbe.com/202101/15/333995.html,中国黔西南,光伏项目光伏项目并网贵州光伏市场,2021-01-15
分布式光伏项目可申请 北京丰台区公开征集2020年节能发展专项资金支持项目,https://news.solarbe.com/202101/15/333992.html,北京市丰台区发改委,分布式光伏光伏项目北京光伏市场,2021-01-15
博茨瓦纳将建200MW光热发电项目 采购工作即将开始,https://news.solarbe.com/202101/15/333983.html,CSPPLAZA光热发电平台,光热发电光热项目海外光伏市场,2021-01-15
江西佳银50吨太阳能银浆项目正式投产,https://news.solarbe.com/202101/12/333900.html,南昌临空经济区,江西佳银银浆光伏企业,2021-01-12
河北南宫100MW农光互补光伏项目并网,https://news.solarbe.com/202101/12/333889.html,中国能建,农光互补中国能建光伏项目并网,2021-01-12
海南首个“光储充检修”一体化充电站在海口投运,https://news.solarbe.com/202101/12/333888.html,海南日报,光储充检修分布式光伏海南光伏市场,2021-01-12
国网：截至2020年底共58GW光伏项目纳入可再生能源补贴目录,https://news.solarbe.com/202101/08/333772.html,国网云平台,可再生能源补贴光伏补贴国网,2021-01-08
国家电投山东营里200MWp光伏项目成功并网发电,https://news.solarbe.com/202101/08/333771.html,国家电投集团中央研究院,国家电投光伏储能光伏电站并网,2021-01-08
福建福州首个综合能源公司光伏项目落户闽侯,https://news.solarbe.com/202101/08/333769.html,福建日报,光伏项目分布式光伏福建光伏市场,2021-01-08
山西国际能源集团签订500MW风光储一体化清洁能源项目,https://news.solarbe.com/202101/07/333745.html,和顺县人民政府,山西国际能源集团风光储项目山西光伏市场,2021-01-07
大唐、国家电投与贵州省赫章县签约110万千瓦光伏投资项目,https://news.solarbe.com/202101/06/333701.html,赫章县政府网,大唐国家电投光伏项目,2021-01-06
国家电投黑龙江分公司安达（二期）200MW光伏项目全容量并网发电,https://news.solarbe.com/202101/06/333688.html,国家电投,国家电投平价项目光伏项目,2021-01-06
互宇数能助力东营昆宇落地东营财金首个光储项目,https://news.solarbe.com/202101/04/333628.html,互宇数能,互宇数能光伏电站储能项目,2021-01-04
总投资1.4亿元！河南省商城县40MW水面光伏项目成功并网,https://news.solarbe.com/202101/04/333618.html,河南日报,光伏电站水面光伏河南光伏市场,2021-01-04
投资6.5亿！广东化州市拟新建150MW复合光伏发电项目,https://news.solarbe.com/202101/04/333614.html,南粤橘城,光伏电站光伏发电广东光伏市场,2021-01-04
投资50亿元！国家电投签约江西会昌1GW光伏发电基地项目,https://news.solarbe.com/202101/04/333611.html,国家电投,国家电投光伏项目光伏发电,2021-01-04
北控清洁能源与江西省万年县订立投资框架协议 拓展江西光伏发电业务,https://news.solarbe.com/202012/31/333552.html,智通财经网,北控清洁能源光伏农光互补示范性发电项目,2020-12-31
广西钦州民海300MW光伏发电平价上网项目顺利并网,https://news.solarbe.com/202012/31/333547.html,中国电建华中院,平价上网光伏项目光伏电站并网,2020-12-31
钦州市钦南区民海300MWp光伏发电平价上网项目首次并网成功,https://news.solarbe.com/202012/31/333548.html,光伏,中国电建民海新能源平价竞价光伏项目并网,2020-12-31
75GW！！！央企106亿大手笔押注扩产光伏玻璃,https://news.solarbe.com/202012/31/333540.html,上饶日报,光伏玻璃光伏产业中电彩虹,2020-12-31
中广核霍邱县花园镇60MW农光互补光伏项目一次带电成功,https://news.solarbe.com/202012/29/333501.html,霍邱县融媒体中心,中广核光伏电站并网农光互补,2020-12-29
广州发展台山渔光互补三期300MW光伏项目正式开工,https://news.solarbe.com/202012/29/333493.html,光伏,广州发展渔光互补光伏项目,2020-12-29
总投资3亿美元，VSUN 4GW高效组件+2GW电池产业园落户越南北江,https://news.solarbe.com/202012/28/333469.html,PV-Tech,VSUN高效组件高效电池片,2020-12-28
10GW高效组件项目投产，海源复材正式进军光伏领域,https://news.solarbe.com/202012/28/333467.html,PV-Tech,赛维电源高效组件项目高效组件,2020-12-28
国家能源集团浙江公司30MW光伏项目并网,https://news.solarbe.com/202012/28/333461.html,国家能源集团,光伏电站并网光伏发电项目国家能源集团,2020-12-28
广东区域首个光伏发电项目正式开工建设,https://news.solarbe.com/202012/28/333458.html,中国华电集团有限公司,广东光伏发电光伏项目,2020-12-28
西藏日喀则50MW光储项目并网发电,https://news.solarbe.com/202012/25/333403.html,新华每日电讯,光伏发电项目光储项目光伏电站并网,2020-12-25
总投资210亿元 国电电力与鄂托克旗人民政府签订1GW光伏+2GW风电项目合作协议,https://news.solarbe.com/202012/25/333401.html,鄂托克发布,国电电力光伏项目内蒙古光伏市场,2020-12-25
中国能建签8GW风光水火储一体化项目,https://news.solarbe.com/202012/24/333353.html,中国能建,中国能建光伏项目光伏项目签约,2020-12-24
广东省能源局关于做好可再生能源项目补贴申报及信息管理工作的通知,https://news.solarbe.com/202012/22/333306.html,广东省能源局,可再生能源补贴光伏发电广东光伏市场,2020-12-22
山东烟台公布12月第2批无补贴平价上网光伏发电项目,https://news.solarbe.com/202012/22/333302.html,烟台市发展和改革委员会,平价光伏无补贴光伏项目山东光伏市场,2020-12-22
湖北首个风光一体发电项目投入商业运营,https://news.solarbe.com/202012/21/333293.html,湖北日报,光伏并网风光一体发电项目湖北光伏市场,2020-12-21
隆基青海1GW高效光伏单晶组件制造基地动工,https://news.solarbe.com/202012/19/333245.html,隆基LONGi Solar,隆基股份高效光伏单晶李文学,2020-12-19
三水区发展和改革局关于2020年第十一批居民分布式光伏发电项目备案结果的公告,https://news.solarbe.com/202012/18/333244.html,佛山市三水区发展和改革局,分布式光伏发电光伏项目佛山光伏市场,2020-12-18
国电电力内蒙古250MW新能源光伏项目正式施工建设,https://news.solarbe.com/202012/15/333128.html,国电电力,国电电力光伏项目国家能源集团,2020-12-15
总投资10亿元 安徽芜湖繁昌区签订海螺源网荷储一体化示范项目,https://news.solarbe.com/202012/14/333101.html,芜湖日报,源网荷储储能光伏储能,2020-12-14
总投资238亿元 中国能建1GW风电+5GW光储项目落户内蒙古鄂尔多斯,https://news.solarbe.com/202012/14/333073.html,中国能建规划设计集团,中国能建光储一体化光伏发电,2020-12-14
国家电投、福州钜能电力5GW异质结太阳能电池片项目落户福建莆田市,https://news.solarbe.com/202012/14/333072.html,湄洲日报,异质结电池HIT福建光伏市场,2020-12-14
安徽：合肥市22个重大项目集中开工建设,https://news.solarbe.com/202012/14/333071.html,合肥报业全媒体,合肥光伏光伏项目协鑫高效光伏组件,2020-12-14
内蒙古通威4.5万吨高纯晶硅项目签约仪式成功举行,https://news.solarbe.com/202012/11/333017.html,通威集团,通威集团硅料光伏上市企业,2020-12-11
湖北孚鑫黄石大王镇长龙99MW农光互补光伏电站开工 预计明年6月并网发电,https://news.solarbe.com/202012/10/332973.html,黄石日报,农光互补光伏并网湖北光伏市场,2020-12-10
1.7996MW！新疆公布11月新增并网户用光伏项目名单,https://news.solarbe.com/202012/09/332935.html,国网新疆电力有限公司,户用光伏光伏装机量新疆光伏市场,2020-12-09
蒙东电网11月新增6.15MW户用光伏项目,https://news.solarbe.com/202012/09/332933.html,北极星太阳能光伏网,户用光伏光伏补贴蒙东电网,2020-12-09
投资50亿元！中广核拟投建山西阳泉1GW风光储项目,https://news.solarbe.com/202012/09/332932.html,阳泉日报,中广核储能山西光伏市场,2020-12-09
陕西：大唐礼泉50MW农光互补光伏发电项目并网发电,https://news.solarbe.com/202012/08/332917.html,中国能建,中国能建光伏并网农光互补,2020-12-08
中国能建西北院总承包建设大唐陕西礼泉50MW农光互补光伏发电项目并网发电,https://news.solarbe.com/202012/08/332890.html,规划设计集团,中国能建农光互补光伏发电项目太阳能光伏组件,2020-12-08
100MW！中国能建湖南火电总承包建设惠州汝湖镇光伏复合发电项目开工,https://news.solarbe.com/202012/08/332889.html,湖南火电,中国能建光伏复合发电项目太阳能光伏发电,2020-12-08
特变电工山西省交口县300MW光伏平价项目宣布并网,https://news.solarbe.com/202012/07/332874.html,特变电工,特变电工平价光伏光伏项目,2020-12-07
大唐彬长发电公司50MW光伏竞价项目顺利并网发电,https://news.solarbe.com/202012/05/332828.html,中国电力新闻网,电站并网光伏竞价项目大唐,2020-12-05
德令哈拟建光热配套集热器、储罐、熔盐泵等生产加工装置及配套设施项目,https://news.solarbe.com/202012/05/332827.html,CSPPLAZA光热发电平台,光热发电项目光热产业青海光热市场,2020-12-05
山东沂源县公布2020年度第八批光伏平价上网项目,https://news.solarbe.com/202012/03/332800.html,沂源县发展和改革局,平价上网项目光伏补贴山东光伏市场,2020-12-03
总投资约6亿元 六师一零二团与特变电工新疆新能源签约300MW光伏项目,https://news.solarbe.com/202012/03/332799.html,兵团日报,特变电工光伏项目光伏发电,2020-12-03
北京五棵松冰上运动中心分布式光伏项目顺利并网发电,https://news.solarbe.com/202011/30/332671.html,熊猫国际,分布式光伏光伏并网发电北京光伏市场,2020-11-30
广东佛山高明区2020第十一批个人利用自有住宅建设分布式光伏发电项目备案通告,https://news.solarbe.com/202011/30/332669.html,佛山市高明区发展和改革局,分布式光伏发电项目光伏发电广东光伏市场,2020-11-30
中核160MW 广西金元100MW 广西公布2020第一批平价光伏项目清单,https://news.solarbe.com/202011/30/332663.html,广西发改委,平价光伏平价光伏项目广西光伏市场,2020-11-30
贵州威宁百万光伏二期工程首个送出线路全线完工,https://news.solarbe.com/202011/26/332582.html,F州日,光伏电站光伏项目贵州光伏市场,2020-11-26
内蒙古乌拉特中旗光热发电项目顺利完成并网前质监,https://news.solarbe.com/202011/25/332548.html,国家能源局可靠性和质监中心,光热发电光热项目内蒙古光伏市场,2020-11-25
总投资40亿元，旗滨集团光伏玻璃项目在福建漳州东山签约落户,https://news.solarbe.com/202011/25/332519.html,苏大光伏校友会,旗滨集团光伏玻璃项目,2020-11-25
总投资约60亿元 四川雷波县与三峡集团签署800MW光伏、风电项目,https://news.solarbe.com/202011/23/332482.html,雷波县人民政府,三峡集团光伏项目四川光伏市场,2020-11-23
“能并尽并”！山西大力支持2020年度新能源发电项目并网接入,https://news.solarbe.com/202011/20/332426.html,山西能源监管办,新能源发电光伏并网山西光伏市场光伏辉煌起点,2020-11-20
国家电投收购墨西哥81.8万千瓦清洁能源项目,https://news.solarbe.com/202011/20/332414.html,国家电投集团,国家电投中电国际光伏企业,2020-11-20
总投资16.4亿元的光伏项目落户新疆乌什,https://news.solarbe.com/202011/20/332404.html,乌什零距离,光伏项目光伏发电新疆光伏市场,2020-11-20
2020甘肃首座74MW光伏发电项目并网成功,https://news.solarbe.com/202011/19/332379.html,北极星太阳能光伏网,中节能光伏项目并网,2020-11-19
华电宁夏公司永宁150MW光伏平价项目获备案批复,https://news.solarbe.com/202011/17/332332.html,华电集团,华电光伏备平价项目国企,2020-11-17
华润海原尖尖山30MWp光伏复合项目开工,https://news.solarbe.com/202011/17/332330.html,甘肃一建集团,光伏项目光伏项目EPC光伏发电,2020-11-17
地方贡献权重35%+！榆林市就新能源项目开发管理征求意见,https://news.solarbe.com/202011/16/332295.html,榆林市发改委,能源项目光伏项目陕西光伏市场光伏辉煌起点,2020-11-16
山东省淄博市淄川区公布2020第十次光伏平价上网项目名单,https://news.solarbe.com/202011/16/332288.html,淄川区人民政府,光伏平价上网光伏项目山东光伏市场,2020-11-16
15个项目超2GW！国网公示最新可再生能源补贴清单,https://news.solarbe.com/202011/15/332265.html,北极星太阳能光伏,国家电网可再生能源光伏项目,2020-11-15
国家电投清河发电与铁岭市清河区签订“风光火储一体化”示范项目战略合作协议,https://news.solarbe.com/202011/13/332251.html,清河区人民政府,国家电投风光火储一体化辽宁光伏市场,2020-11-13
云南通威4万吨高纯晶硅项目开工,https://news.solarbe.com/202011/13/332233.html,保山广播电视台,通威硅料高纯晶硅,2020-11-13
甘州区举行龙源（张掖）新能源发展有限公司40兆瓦光伏发电项目开工仪式,https://news.solarbe.com/202011/12/332190.html,网易,光伏项目光伏项目开工国电龙源,2020-11-12
钟山区海发农业光伏电站 即将竣工并网发电,https://news.solarbe.com/202011/12/332188.html,六盘水日报,光伏发电农光互补项目,2020-11-12
蒋巷镇三洞湖渔光互补光伏发电项目全部集电线路并网发电,https://news.solarbe.com/202011/12/332183.html,中国电力新闻网,光伏发电渔光互补项目江西光伏市场,2020-11-12
阿特斯嘉兴高效组件生产基地一期项目投产,https://news.solarbe.com/202011/11/332172.html,浙江新闻客户端,阿特斯高效组件光伏组件,2020-11-11
光伏配储能又有新进展！这8个项目入选能源局首批科技创新（储能）试点示范项目！,https://news.solarbe.com/202011/11/332166.html,光伏头条,光伏项目光伏储能光伏发电,2020-11-11
伊金霍洛旗人民政府与江苏大烨智能签订光伏项目投资框架协议,https://news.solarbe.com/202011/11/332163.html,伊金霍洛旗融媒体中心,光伏项目光伏制氢内蒙古光伏市场,2020-11-11
总投资约9亿元 山东滕州150MW农光互补项目有序建设中,https://news.solarbe.com/202011/11/332161.html,大众日报,农光互补地面光伏电站山东光伏市场,2020-11-11
国家能源局公示首批科技创新（储能）试点示范项目,https://news.solarbe.com/202011/10/332128.html,国家能源局,国家能源局光伏储能科技创新,2020-11-10
新疆华电鄯善90兆瓦光伏项目开工 采用440瓦单晶硅组件,https://news.solarbe.com/202011/10/332125.html,中国环境报,华电光伏电站光伏项目,2020-11-10
江西10月新增户用光伏项目16.6MW,https://news.solarbe.com/202011/10/332124.html,国网江西,户用光伏光伏补贴江西光伏市场,2020-11-10
国投电力拟于贵州平塘县投建1GW光伏、风电项目,https://news.solarbe.com/202011/10/332099.html,光伏,国投电力光伏发电项目新能源项目开发,2020-11-10
安陆陈店大型农光互补光伏发电项目全面施工,https://news.solarbe.com/202011/10/332098.html,潇湘晨报,光伏发电农光互补湖北光伏市场,2020-11-10
湖北省安陆陈店大型农光互补光伏发电项目全面施工,https://news.solarbe.com/202011/09/332082.html,潇湘晨报,光伏电站农光互补光伏发电,2020-11-09
19.75MW 广东电网公布第八批并网投运户用光伏项目,https://news.solarbe.com/202011/09/332081.html,广东电网,户用光伏光伏项目广东光伏市场,2020-11-09
透明背板替代光伏玻璃？组件厂商正在着手测试,https://news.solarbe.com/202011/09/332080.html,证券时报,光伏组件光伏背板光伏企业,2020-11-09
浙江永康公布2019年度分布式光伏发电项目财政拟补助名单,https://news.solarbe.com/202011/09/332079.html,永康市发展和改革局,分布式光伏光伏补贴浙江光伏市场,2020-11-09
智利将建设925MW光伏项目,https://news.solarbe.com/202011/06/332010.html,光伏盒子,光伏项目光伏发电智利光伏市场,2020-11-06
华能德州丁庄水库光伏发电项目开工,https://news.solarbe.com/202011/06/332001.html,德州新闻网,华能水库光伏发电项目,2020-11-06
天能重工拟投建内蒙500MW光伏+1GW风电项目,https://news.solarbe.com/202011/06/331998.html,北极星太阳能光伏网,天能重工光伏项目光伏项目开发,2020-11-06
适配210硅片生产线，京运通拟70亿元投建24GW单晶硅片项目,https://news.solarbe.com/202011/05/331951.html,光伏,京运通单晶拉棒项目单晶切方项目,2020-11-05
晶科电力与贵州平塘县签订200MWp农光互补电站投资框架协议,https://news.solarbe.com/202011/04/331941.html,平塘县融媒体中心,晶科电力光伏电站投资光伏,2020-11-04
西北电建签约宁夏海原高崖光伏复合发电项目B标段工程,https://news.solarbe.com/202011/04/331901.html,中国电力新闻网,光伏发电中国能建光伏复合发电项目,2020-11-04
广东连州市西江镇高山100MW农业光伏发电项目开工,https://news.solarbe.com/202011/03/331893.html,光伏,光伏项目农光互补广州光伏市场,2020-11-03
贵州金元与云南省镇康县签订1.47GW新能源项目,https://news.solarbe.com/202011/03/331889.html,镇康县人民政府,光伏项目光伏发电甘肃光伏市场,2020-11-03
河北督促光伏竞价转平价上网项目尽快建成并网,https://news.solarbe.com/202011/03/331884.html,河北新闻网,河北光伏发电光伏项目,2020-11-03
总投资167亿元 阿拉善签约2GW风光储热多能互补综合能源项目,https://news.solarbe.com/202011/02/331837.html,阿拉善日报,风光储热一体化多能互补内蒙古光伏市场,2020-11-02
总净资产1.28亿 中广核太阳能转让六家分布式光伏项目公司100%股权,https://news.solarbe.com/202011/02/331832.html,北京产权交易所,中广核太阳能分布式光伏光伏电站交易,2020-11-02
投资25亿！金晶科技太阳能光伏轻质面板项目落户宁夏,https://news.solarbe.com/202010/31/331824.html,OFweek太阳能光伏网,石嘴山市宁夏金晶科技,2020-10-31
华电嘉峪关一期光伏组件能效提升改造项目2次公告,https://news.solarbe.com/202010/30/331805.html,华电集团电子商务平台,光伏电站技改光伏组件华电,2020-10-30
1.03GW、43个光伏项目，国网新能源云公示新一批可再生能源发电补贴项目清单,https://news.solarbe.com/202010/29/331776.html,光伏,光伏项目光伏补贴光伏集中式项目,2020-10-29
总投资5亿元 恩利能源及储能电池2GWh量产项目有意落地甘肃,https://news.solarbe.com/202010/28/331743.html,甘肃工信厅,储能电池储能系统恩力能源,2020-10-28
首都机场上线光伏+储能+应用一体化示范项目,https://news.solarbe.com/202010/28/331741.html,中国民航报,光伏储能水面光伏项目首都机场,2020-10-28
四川会理县人民政府关于启动会理县普隆村一期30MW光伏电站项目土地征收工作的通告,https://news.solarbe.com/202010/28/331738.html,会理县政府办公室,光伏电站光伏用地四川光伏市场,2020-10-28
广东火电承建葵潭农场200MW光伏复合项目开工,https://news.solarbe.com/202010/28/331737.html,中国电力新闻网,广东火电光伏发电项目光伏电站,2020-10-28
国家电投首个渔光互补配套储能项目并网,https://news.solarbe.com/202010/28/331729.html,融合租赁,储能项目储能系统光伏储能,2020-10-28
广东：光伏竞价转平价上网项目共135个 总规模约193万千瓦,https://news.solarbe.com/202010/28/331721.html,国际能源网,光伏竞价转平价光伏项目平价光伏,2020-10-28
2020年浙江富阳区工业企业光伏发电项目拟补贴资金公示,https://news.solarbe.com/202010/28/331716.html,富阳区经信局,光伏补贴分布式光伏浙江光伏市场,2020-10-28
2.04GW！国网公示最新可再生能源发电补贴项目清单,https://news.solarbe.com/202010/28/331715.html,北极星太阳能光伏网,可再生能源补贴光伏补贴光伏项目,2020-10-28
淄博市博山区发展和改革局公布博山区2020光伏平价上网项目,https://news.solarbe.com/202010/27/331677.html,山东省淄博市博山区发展和改革局,平价光伏光伏项目山东光伏市场,2020-10-27
黄州区推进赵家潭120MW渔光互补光伏发电项目,https://news.solarbe.com/202010/27/331667.html,黄岗日报,渔光互补光伏发电项目湖北光伏市场,2020-10-27
清远：建设两个农光互补光伏发电站 项目总投资6亿,https://news.solarbe.com/202010/27/331666.html,南粤特搜,农光互补光伏电站广东光伏市场,2020-10-27
总投资6.9亿元！日喀则光伏储能示范项目成功并网发电,https://news.solarbe.com/202010/26/331606.html,凤凰网,光伏储能示范项目并网发电西藏光伏市场,2020-10-26
内蒙古包头市4个亿元以上重点光伏项目年内竣工,https://news.solarbe.com/202010/22/331529.html,内蒙古自治区人民政府网,内蒙古光伏市场光伏项目,2020-10-22
田东县2020右江鱼梁库区里拉沟水面30MWP光伏电站收益分配方案,https://news.solarbe.com/202010/22/331526.html,广西百色田东县人民政府,广西光伏市场光伏项目水面光伏,2020-10-22
27GW组件，24GW逆变器，23.7GW光伏EPC Q1-Q3国企大单花落谁家？,https://news.solarbe.com/202010/22/331506.html,索比光伏网,光伏发电光伏项目中广核,2020-10-22
共同开发4.5GW光伏项目！北美能源开发商EDF与Geenex达成合作协议,https://news.solarbe.com/202010/21/331480.html,光伏盒子,光伏项目北美能源集团GeenexSolar,2020-10-21
迪拜五期900兆瓦光伏项目有序推进,https://news.solarbe.com/202010/21/331465.html,上海电气电站集团,迪拜光伏项目升压站,2020-10-21
蒙能100MW光伏发电项目投产,https://news.solarbe.com/202010/20/331432.html,正北方网,蒙能集团光伏发电项目光伏发电,2020-10-20
国家能源集团江西公司首个光伏发电项目正式开工建设,https://news.solarbe.com/202010/19/331410.html,江西公司,国家能源集团光伏项目江西光伏市场,2020-10-19
换种方式储存太阳能！国内首个太阳燃料合成示范项目通过验收,https://news.solarbe.com/202010/19/331402.html,央视新闻,光伏制氢太阳能燃料光伏电站,2020-10-19
贵州金元与酒泉市签订《2.2GW光储一体化智能光伏发电项目投资框架协议》,https://news.solarbe.com/202010/19/331399.html,贵州金元,光伏项目甘肃光伏市场光储一体化,2020-10-19
5GW电池+5GW组件，一道新能源投资50亿元光伏项目落地海陵,https://news.solarbe.com/202010/19/331388.html,光伏测试网,光伏项目光伏组件可再生能源,2020-10-19
总投资2.5亿元！200兆瓦渔光互补光伏发电项目开工,https://news.solarbe.com/202010/19/331387.html,吉林日报,光伏项目光伏发电光伏复合发展,2020-10-19
8GW竞价转平价项目简析：集中式电站6GW，广州发展、中能建、大唐规模最大,https://news.solarbe.com/202010/19/331376.html,北极星太阳能光伏网,竞价光伏项目平价光伏项目国家能源局,2020-10-19
200MW渔光互补光伏发电项目开工,https://news.solarbe.com/202010/16/331319.html,吉林日报,渔光互补光伏发电光伏电站,2020-10-16
吉林乾安县200兆瓦渔光互补光伏发电项目正式开工,https://news.solarbe.com/202010/16/331317.html,新华网,渔光互补光伏发电项目阳光电源,2020-10-16
阳光电源乾安200兆瓦渔光互补光伏发电项目正式开工,https://news.solarbe.com/202010/16/331312.html,新华网,阳光电源渔光互补项目光伏发电项目光伏逆变器,2020-10-16
重磅！云南楚雄州启动2.03GW光伏项目建设,https://news.solarbe.com/202010/16/331302.html,光伏头条,光伏项目云南光伏新能源发电项目,2020-10-16
国家能源局公布8GW光伏竞价转平价名单，逾45GW平价项目将扎堆2021年并网,https://news.solarbe.com/202010/16/331301.html,光伏,光伏竞价光伏项目光伏补贴,2020-10-16
青海乌图美仁20万千瓦光伏项目成功并网,https://news.solarbe.com/202010/15/331268.html,格尔木日报,光伏电站并网光伏发电项目青海光伏市场,2020-10-15
9个光热项目入围宁夏2020年自治区财政支持可再生能源试点示范项目名单,https://news.solarbe.com/202010/14/331212.html,宁夏回族自治区住房和城乡建设厅,光热项目光热技术宁夏光伏市场,2020-10-14
新项目获批：夏威夷毛伊岛将新增一15MW光储项目,https://news.solarbe.com/202010/13/331166.html,EnergyTrend集邦新能源网,光储项目光伏+储能夏威夷光伏市场,2020-10-13
近6亿元输血！甘肃阿克塞50MW熔盐槽式光热示范项目重启建设,https://news.solarbe.com/202010/13/331161.html,CSPPLAZA光热发电平台,熔盐槽式光热示范项目光热发电阿克塞太阳能热发电站,2020-10-13
中国能建广东火电承建安徽芜湖污水处理厂分布式光伏EPC项目全容量并网,https://news.solarbe.com/202010/13/331147.html,中国能建,中国能建分布式光伏光伏EPC,2020-10-13
中国一次性建成投产最大新能源项目并网运行,https://news.solarbe.com/202010/12/331126.html,中国新闻网,光伏发电量新能源项目青海光伏市场,2020-10-12
10月首批！山东烟台市公示无补贴平价上网光伏发电项目,https://news.solarbe.com/202010/12/331116.html,烟台市发改委,平价上网光伏项目山东光伏市场,2020-10-12
9月开工光伏项目超2.6GW，农业光伏唱主角，新拟开发超2.5GW！,https://news.solarbe.com/202010/10/331075.html,PV-Tech,光伏电站项目分布式光伏发电光伏项目,2020-10-10
总投6.9亿元！全球海拔最高、装机容量最大光储一体化项目并网,https://news.solarbe.com/202010/09/331026.html,猛狮科技,光储一体化光储项目西藏光伏市场,2020-10-09
上海工程技术大学举行智慧校园3.3MW分布式光伏发电项目竣工仪式,https://news.solarbe.com/202010/09/331015.html,工程大后勤,分布式光伏分布式光伏发电项目光伏项目,2020-10-09
青海海南塔拉滩3GW光伏电站项目并网,https://news.solarbe.com/202010/09/331005.html,中国能建西北建投,光伏电站光伏电站并网青海光伏市场,2020-10-09
印度将在萨加迪建设该国最大浮式太阳能发电厂,https://news.solarbe.com/202010/04/330950.html,国际石油网,浮式太阳能项目西孟加拉,2020-10-04
隆基云南保山（三期）10GW项目第一根硅棒顺利出炉,https://news.solarbe.com/202010/04/330949.html,索比光伏网,隆基硅棒保山,2020-10-04
总投资4.7亿元 华能新泰翟镇100MW光伏项目开工,https://news.solarbe.com/202009/28/330872.html,新泰广电,华能平价上网光伏项目,2020-09-28
大唐宝鸡麟游贾王塬33.5MW农光互补光伏发电项目,https://news.solarbe.com/202009/24/330763.html,宝鸡新闻网,农光互补光伏发电项目陕西光伏市场,2020-09-24
安徽铜陵市枞阳县260MW光伏复合发电项目一期开工,https://news.solarbe.com/202009/22/330714.html,铜陵新闻网―铜陵日报,光伏项目渔光互补安徽光伏市场,2020-09-22
夏威夷电力公司将着手部署2GWh电池储能项目,https://news.solarbe.com/202009/22/330713.html,中国储能网,光伏储能光伏发电光伏+,2020-09-22
山东沂源县公布2020年度第六批光伏平价上网项目,https://news.solarbe.com/202009/22/330693.html,沂源县人民政府,平价上网光伏项目山东光伏市场,2020-09-22
海南州千万千瓦级新能源基地1600兆瓦竞价光伏项目基础设施330千伏汇集站工程项目获核准,https://news.solarbe.com/202009/21/330654.html,青海发改委,光伏项目竞价光伏青海光伏市场,2020-09-21
总投资3.94亿元 大唐合计110MW光伏项目落户广东云浮,https://news.solarbe.com/202009/21/330650.html,信息看多点,大唐光伏项目广东光伏市场,2020-09-21
总投资18亿元 厦门神科拟建设年产2GW异质结电池生产线项目,https://news.solarbe.com/202009/21/330647.html,苏大光伏校友会,异质结电池HIT光伏企业扩产,2020-09-21
青海省1600MW竞价光伏项目建设取得重要进展,https://news.solarbe.com/202009/20/330638.html,索比光伏网,青海光伏项目青海发改委,2020-09-20
龙源启动黑龙江鹤岗市500MW光伏平价上网试点项目,https://news.solarbe.com/202009/18/330616.html,世纪新能源网,东北光伏平价,2020-09-18
投资5亿元的农业光伏项目在环江开工,https://news.solarbe.com/202009/18/330614.html,广西日报,光伏项目环江光伏市场,2020-09-18
浙江泰顺兴农22.836MWp农林光互补光伏小康项目顺利通过竣工验收,https://news.solarbe.com/202009/18/330600.html,泰顺发布,农光互补光伏电站浙江光伏市场,2020-09-18
黔源电力750MW“水光互补”光伏电站开工建设,https://news.solarbe.com/202009/18/330599.html,华电集团,水光互补光伏电站黔源电力,2020-09-18
天津滨海智慧能源小镇电网侧储能电站验收并网,https://news.solarbe.com/202009/18/330593.html,平顶山市广播电视台,光伏储能光伏发电平高集团,2020-09-18
智利Likana solar光热项目计划建造三座塔 总装机450-600MW之间,https://news.solarbe.com/202009/18/330587.html,CSPPLAZA光热发电平台,光热发电光热电站拉美光伏市场,2020-09-18
蕉城中学170kWp屋顶分布式光伏项目通过竣工验收,https://news.solarbe.com/202009/17/330576.html,蕉城区融媒体中心,屋顶光伏分布式光伏光伏发电,2020-09-17
湖南“一带一路”基金与沙特公司达成合作 投资1.6亿美元共建埃及光伏发电项目,https://news.solarbe.com/202009/17/330542.html,华声在线,光伏电站光伏发电项目埃及光伏市场,2020-09-17
20个项目！山东枣庄2020年第2-4批工商业光伏平价上网项目备案公示,https://news.solarbe.com/202009/17/330541.html,北极星太阳能光伏网,工商业光伏平价上网山东光伏市场,2020-09-17
山东省重大项目调整名单 涉及铜铟镓硒薄膜电池组件生产线项目,https://news.solarbe.com/202009/16/330501.html,山东省发改委,重点项目铜铟镓硒薄膜电池组件山东光伏市场,2020-09-16
中核环江100MW农业光伏项目开工,https://news.solarbe.com/202009/16/330475.html,人民网,中核集团光伏项目乡村振兴,2020-09-16
陕西泾阳新现代农业园区60MW农光互补发电项目开工,https://news.solarbe.com/202009/16/330474.html,西部网,现代农业园区陕西政府投资,2020-09-16
粤水电：拟由全资孙公司投建位于广东、新疆等五项光伏发电项目并为其融资提供担保,https://news.solarbe.com/202009/15/330431.html,云财经,融资担保新疆阿克苏光伏发电,2020-09-15
张家口察北区可再生能源项目兴建中,https://news.solarbe.com/202009/15/330430.html,张家口新闻网,能源压力张家口可再生能源,2020-09-15
粤水电拟投资开发5个光伏发电项目,https://news.solarbe.com/202009/15/330390.html,北极星太阳能光伏网（整理）,粤水电光伏发电项目光伏电站,2020-09-15
内蒙古达拉特光伏发电领跑奖励基地1号项目完工建成,https://news.solarbe.com/202009/15/330373.html,中国网,光伏电站领跑者内蒙古光伏市场,2020-09-15
乌拉特中旗首个“自发自用” 分布式光伏项目开工建设,https://news.solarbe.com/202009/14/330359.html,巴彦淖尔日报,分布式光伏项目光伏发电内蒙古光伏市场,2020-09-14
关于延安市“十三五”可再生能源建设项目梳理情况的公示,https://news.solarbe.com/202009/14/330350.html,陕西延安市发改委,可再生能源项目光伏项目陕西光伏市场,2020-09-14
中广核湖南郴州桂阳200MW平价光伏基地项目开工,https://news.solarbe.com/202009/14/330349.html,湖南日报,平价项目湖南光伏市场中广核新能源,2020-09-14
全球最大的沙漠集中式光伏发电基地即将并网发电,https://news.solarbe.com/202009/14/330347.html,中国新闻网,集中式光伏光伏奖励基地达拉特领跑者,2020-09-14
陕西洛南县100MW光伏农场开工,https://news.solarbe.com/202009/14/330346.html,洛南县政府网,农光互补光伏发电项目陕西光伏市场,2020-09-14
华电拟投资建设潍坊滨海光伏100MW发电制氢项目,https://news.solarbe.com/202009/11/330298.html,华电潍坊公司,光伏制氢光伏发电华电集团,2020-09-11
涉及2个光伏项目！2020年浙江重点建设项目调整名单,https://news.solarbe.com/202009/11/330282.html,浙江省发展改革委,重点项目光伏项目浙江光伏市场,2020-09-11
大唐永寿县100MW农光互补项目开工,https://news.solarbe.com/202009/09/330229.html,第一时间,光伏发电项目农光互补大唐,2020-09-09
陕南最大光伏项目在安康旬阳举行开工仪式,https://news.solarbe.com/202009/09/330217.html,魅力安康网,屋顶光伏分布式光伏陕西光伏市场,2020-09-09
内蒙古领跑者光伏项目增加基础利用小时第二批名单,https://news.solarbe.com/202009/07/330133.html,内蒙古工信厅,光伏领跑者光伏利用小时数内蒙古光伏市场,2020-09-07
50亿元！华能拿下内蒙古扎鲁特旗1GW风光储项目,https://news.solarbe.com/202009/07/330126.html,中国华能,华能风光储内蒙古光伏市场,2020-09-07
晶科、晶澳、天合预中标并网发电项目，单晶组件投标价达1.8元/W,https://news.solarbe.com/202009/06/330096.html,索比光伏网,晶科晶澳天合光伏项目,2020-09-06
8月光伏政策复盘，2021年平价项目或有40GW！,https://news.solarbe.com/202009/06/330093.html,光伏测试网,光伏平价项目装机规模,2020-09-06
总投资约3亿，华电铜陵枞阳光伏发电项目签约,https://news.solarbe.com/202009/05/330091.html,枞阳崛起,枞阳崛起华电并网,2020-09-05
云南：“十四五”期间建成8GW风电+3GW光伏项目 布局建设水风光多能互补基地,https://news.solarbe.com/202009/04/330063.html,云南网,光伏项目多能互补云南光伏市场,2020-09-04
广东惠州博罗观音阁镇100MW光伏复合项目开工,https://news.solarbe.com/202009/04/330062.html,中国能建广东火电,光伏项目渔光互补光伏发电,2020-09-04
18.15MW 海南公布首批可再生能源发电项目补贴清单（第三阶段）,https://news.solarbe.com/202009/03/330044.html,海南电网公司,可再生能源补贴分布式光伏海南光伏市场,2020-09-03
截至8月底甘肃定西电网新能源并网发电300MW,https://news.solarbe.com/202009/03/330037.html,新零售网,新能源光伏发电甘肃光伏市场,2020-09-03
包头美科单晶二期12GW项目开工建设,https://news.solarbe.com/202009/03/330036.html,光伏新闻,江苏美科硅片光伏企业,2020-09-03
阿克塞县首座平价49MW光伏发电项目并网发电,https://news.solarbe.com/202009/03/330033.html,兰州日报,光伏发电平价上网光伏电站,2020-09-03
华润赤壁日曜千亩200MW渔光互补光伏项目签约落户赤壁,https://news.solarbe.com/202009/03/330031.html,赤壁政府网,渔光互补湖北光伏市场华润电力,2020-09-03
光伏玻璃七巨头工程在建、拟建项目情况,https://news.solarbe.com/202009/02/329976.html,北极星太阳能光伏网（独家）,光伏玻璃光伏企业光伏项目,2020-09-02
中国能建山西院总承包建设泰国屋顶光伏项目群纪实,https://news.solarbe.com/202009/02/329957.html,中国能源报,分布式光伏屋顶光伏泰国光伏市场,2020-09-02
海口琼山300MW “光伏叶菜”项目正式投产,https://news.solarbe.com/202009/02/329946.html,中国能源报,农光互补光伏项目海南光伏市场,2020-09-02
中国能建广西院签订广西3个农业光伏总承包项目合同,https://news.solarbe.com/202009/01/329924.html,中国能建广西院,光伏项目广西光伏市场农光互补,2020-09-01
三峡集团首个“长江大保护+清洁能源”项目完成首批组件敷设,https://news.solarbe.com/202009/01/329923.html,长江环保集团,分布式光伏三峡集团光伏发电,2020-09-01
贵州省最大单体光伏项目洪家渡水光互补300MW农业光伏电站开工,https://news.solarbe.com/202009/01/329922.html,中电建贵阳院,水光互补光伏发电项目贵州光伏市场,2020-09-01
陕西城固大唐50MW农光互补光伏发电项目开工,https://news.solarbe.com/202009/01/329916.html,陕西网,农光互补光伏发电项目陕西发电项目,2020-09-01
360.8亿！ 新能源产业发展大会签订21个新能源项目,https://news.solarbe.com/202008/31/329869.html,中国能源网,光伏发电光热发电光伏项目,2020-08-31
环晟光伏中标华电2.04GW组件集采框招，收获首个GW级订单,https://news.solarbe.com/202008/31/329862.html,PV-Tech,环晟光伏高效叠瓦组件GW级组件订单,2020-08-31
赛伍技术拟10.26亿元建设太阳能封装胶膜项目,https://news.solarbe.com/202008/31/329861.html,北极星太阳能光伏网,赛伍技术光伏胶膜光伏企业,2020-08-31
大唐发电拟投资开发10个光伏发电项目,https://news.solarbe.com/202008/31/329852.html,北极星太阳能光伏网,大唐发电光伏发电项目光伏发电,2020-08-31
230亿元！今天，三个项目签约落户义乌！,https://news.solarbe.com/202008/28/329818.html,义乌市融媒体中心,东方日升光伏组件光伏项目,2020-08-28
停工的光伏项目违占草原 被当地群众举报影响正常放牧,https://news.solarbe.com/202008/28/329796.html,光伏人学院,光伏项目违建光伏项目内蒙古光伏市场,2020-08-28
光伏484.39MW！内蒙古公示首批可再生能源发电项目补贴清单（第一阶段）,https://news.solarbe.com/202008/28/329790.html,内蒙古电力（集团）有限责任公司,光伏项目光伏补贴可再生能源,2020-08-28
甘肃酒泉阿克塞49兆瓦光伏电站并网发电仪式,https://news.solarbe.com/202008/28/329784.html,酒泉广播电视台,光伏并网项目甘肃光伏市场浙江正泰,2020-08-28
四川成都：通威太阳能光伏产业基地一期项目明年投产,https://news.solarbe.com/202008/27/329766.html,度看四川,通威太阳能光伏发电光伏项目,2020-08-27
国家电网：提升海西光伏外送断面送出能力20万千瓦,https://news.solarbe.com/202008/27/329755.html,国家电网报,光伏发电光伏项目国家电网,2020-08-27
北京市首个水上光伏发电项目推广应用效果明显,https://news.solarbe.com/202008/27/329754.html,首都建设报,漂浮式光伏发电项目光伏项目北京光伏市场,2020-08-27
陕西省商洛市废止风电、光伏发电项目公示,https://news.solarbe.com/202008/27/329753.html,商洛市发改委,光伏发电项目可再生能源陕西光伏市场,2020-08-27
这两类竞价项目有望转平价！国家能源局要求各省报送竞价自愿转平价的项目情况,https://news.solarbe.com/202008/27/329723.html,光伏,光伏竞价平价上网光伏项目,2020-08-27
总投资5亿元！科隆威光伏设备制造项目落地江苏盐城建湖县,https://news.solarbe.com/202008/27/329722.html,建湖县人民政府,光伏设备科隆威江苏光伏市场,2020-08-27
永清环保与江西电建签订1.1亿元200兆瓦光伏施工总承包合同,https://news.solarbe.com/202008/27/329718.html,格隆汇,永清环保光伏发电项目江西光伏市场,2020-08-27
总投资185.55万！广东佛山禅城区第六批分布式光伏发电项目公布,https://news.solarbe.com/202008/26/329688.html,禅城区发展和改革局,分布式光伏光伏项目广东光伏市场,2020-08-26
新疆1项目2企业上榜智能光伏试点示范项目和企业名单,https://news.solarbe.com/202008/26/329687.html,新疆阿克苏政府网,智能光伏试点示范项目智能光伏新疆光伏市场,2020-08-26
博茨瓦纳将与纳米比亚签署5GW太阳能项目协议,https://news.solarbe.com/202008/26/329676.html,北极星太阳能光伏网,光伏项目光伏发电南非光伏市场,2020-08-26
逾28.8亿！上机数控子公司与新疆大全签订3年多晶硅采购长单,https://news.solarbe.com/202008/25/329628.html,PV-Tech,上机数控新疆大全多晶硅,2020-08-25
河南许昌高效单晶硅电池片项目投产,https://news.solarbe.com/202008/25/329618.html,中国化工报,单晶硅太阳能电池片光伏组件,2020-08-25
任重道远~微电网示范项目也大都停留在技术应用探索阶段,https://news.solarbe.com/202008/25/329595.html,能源研究俱乐部,微电网储能综合能源,2020-08-25
西澳州最大的光伏项目现已投入运营,https://news.solarbe.com/202008/25/329582.html,pv-magazine,西澳州光伏项目光伏发电,2020-08-25
总投资超5亿 江苏太一3GW高效光伏电池组件项目落户金坛,https://news.solarbe.com/202008/25/329570.html,金坛时报,江苏太一高效组件光伏产业,2020-08-25
中国能建葛洲坝国际公司签约澳大利亚昆士兰州木纳河150兆瓦光伏项目,https://news.solarbe.com/202008/25/329560.html,葛洲坝集团,光伏项目光伏电站中国能建,2020-08-25
辽宁45个项目进入国家“风、光”平价上网名单,https://news.solarbe.com/202008/24/329496.html,辽宁日报,光伏平价项目光伏发电项目辽宁光伏市场,2020-08-24
一期3GW！山煤国际拟设立合资公司31.9亿元投建10GW高效异质结电池项目,https://news.solarbe.com/202008/24/329455.html,北极星太阳能光伏网,山煤国际异质结电池HIT,2020-08-24
甘肃玉门市首个平价光伏项目并网发电,https://news.solarbe.com/202008/19/329357.html,中国甘肃网,平价光伏光伏电站甘肃光伏市场,2020-08-19
平煤隆基4GW高效单晶硅电池片项目全面投产！,https://news.solarbe.com/202008/19/329346.html,北极星太阳能光伏网,平煤隆基单晶电池片太阳能电池,2020-08-19
张北“风光”点亮雄安夜,https://news.solarbe.com/202008/19/329320.html,中国能源报,特高压清洁能源消纳光伏发电,2020-08-19
吉林省能源局：积极落实结合储能、制氢的风电光伏发电项目,https://news.solarbe.com/202008/18/329265.html,吉林省能源局,光伏发电光伏储能光伏制氢,2020-08-18
唐山丰南区“渔光互补”效果好,https://news.solarbe.com/202008/17/329213.html,河北日报,渔光互补光伏发电通威股份,2020-08-17
中广核桂阳风力发电公司建设中广核郴州桂阳光伏基地光伏电站项目,https://news.solarbe.com/202008/17/329210.html,湖南能源自媒体,中广核光伏电站项目光伏市场,2020-08-17
福建省首个光伏路面示范项目落地永泰 月底投用,https://news.solarbe.com/202008/13/329104.html,福州新闻网,光伏公路光伏项目福建光伏市场,2020-08-13
华能与阿鲁科尔沁旗人民政府签署光伏发电合作框架协议,https://news.solarbe.com/202008/12/329035.html,中国华能,光伏项目内蒙古光伏市场华能集团,2020-08-12
防城港市海洋局与广西金巨阳新能源有限公司签订光伏发电项目合同,https://news.solarbe.com/202008/11/329001.html,防城港市新闻网,光伏项目光伏发电广西光伏市场,2020-08-11
涉及光伏项目6个！云南省新基建项目表（2020-2022年）发布,https://news.solarbe.com/202008/11/328991.html,云南省发改委,光伏项目新基建云南光伏市场,2020-08-11
26亿！天能重工拟投建300MW风电及200MWp光伏项目,https://news.solarbe.com/202008/11/328982.html,北极星太阳能光伏网,天能重工光伏发电光伏电站,2020-08-11
开封最大集中式平价上网光伏项目获国家同意建设公示,https://news.solarbe.com/202008/11/328979.html,开封市发改委,光伏项目光伏发电河南光伏市场,2020-08-11
新疆哈密120MW集中式风光项目投资主体竞争性配置公告,https://news.solarbe.com/202008/05/328743.html,哈密政府,光伏发电项目光伏投资新疆光伏市场,2020-08-05
华电浙江龙游经济开发区二期屋顶光伏成功并网发电,https://news.solarbe.com/202008/04/328654.html,华电集团,屋顶光伏华电集团光伏发电,2020-08-04
四川甘洛首个太阳能提灌站投产,https://news.solarbe.com/202008/03/328619.html,四川经济日报,太阳能提灌太阳能发电光伏应用,2020-08-03
73MW！韩阳建设公司承揽韩国国内最大水上光伏发电项目,https://news.solarbe.com/202008/03/328610.html,东亚能源产业观察,光伏电站水上光伏电站韩国光伏市场,2020-08-03
又一个百亿级项目“开花结果” 义乌天合光能项目一期投产,https://news.solarbe.com/202007/30/328517.html,义乌商报,天合光能光伏组件高纪凡,2020-07-30
光伏组件每瓦涨两毛 26GW竞价项目遭遇挑战？,https://news.solarbe.com/202007/30/328511.html,世纪新能源网,光伏组件光伏电站光伏价格,2020-07-30
蜂巢能源科技有限公司（一期）屋顶分布式光伏发电项目EPC总承包工程监理(二次招标)招标公告,https://news.solarbe.com/202007/29/328484.html,中国南方电网供应链统一服务平台,分布式光伏屋顶光伏光伏招标,2020-07-29
大唐山西陵川光伏发电项目并网发电,https://news.solarbe.com/202007/28/328472.html,晋城能源局,光伏项目山西光伏市场大唐集团,2020-07-28
嘉寓成功签约恒大新能源1.27亿幕墙项目,https://news.solarbe.com/202007/28/328449.html,嘉寓集团,嘉寓股份恒大新能源光伏幕墙,2020-07-28
西藏最大光伏储能项目开工,https://news.solarbe.com/202007/27/328393.html,大众网,光伏储能光伏组件光伏项目,2020-07-27
隆基股份年产10GW单晶电池及配套中试项目一期投产,https://news.solarbe.com/202007/23/328107.html,西安晚报,隆基股份光伏企业光伏项目,2020-07-23
90天3.35GW！“贵州速度”全力推进2020年光伏发电项目建设,https://news.solarbe.com/202007/23/328100.html,贵州日报,贵州速度光伏发电,2020-07-23
难！2020竞价光伏项目年底并网率或不足六成,https://news.solarbe.com/202007/14/326895.html,北极星太阳能光伏网,光伏竞价光伏项目光伏并网,2020-07-14
泗洪光伏领跑奖励激励项目建成并网,https://news.solarbe.com/202007/02/326524.html,中国江苏网,光伏电站并网光伏发电项目泗洪领跑者,2020-07-02
超4GW！6月12个光伏项目签订 三峡、中能建、中电建、国网、华电等国企包揽70%,https://news.solarbe.com/202006/28/326386.html,北极星分布式光伏,光伏企业光伏电站风光互补,2020-06-28
白城500MW光伏发电领跑奖励激励基地 启动并网验收工作,https://news.solarbe.com/202006/26/326366.html,索比光伏网,白城光伏并网验收第三批领跑基地,2020-06-26
天津690MW光伏平价名单：中节能300MW、中广核150MW、国家电投、阳光电源等入围,https://news.solarbe.com/202006/22/326297.html,光伏,光伏发电光伏平价项目天津光伏市场,2020-06-22
2020年光伏竞价申报：23省共计33.5GW参与，分布式4.44GW,https://news.solarbe.com/202006/19/326274.html,国家可再生能源信息管理中心,光伏发电光伏竞价项目光伏平价项目,2020-06-19
光伏项目储备竞赛：上半年国电投、大唐、三峡等11家企业提前“锁定”超11GW项目,https://news.solarbe.com/202006/19/326261.html,北极星太阳能光伏网,光伏项目国家电投光伏企业,2020-06-19
湖北公示5.9GW平价项目，特变、阳光电源、华能、国电投、中广核储备均超50万,https://news.solarbe.com/202006/19/326258.html,智汇光伏,光伏平价项目湖北省光伏市场,2020-06-19
国家电投4.7GW，大唐3.6GW，阳光电源2.4GW……16省57GW竞、平价光伏项目汇总,https://news.solarbe.com/202006/16/326158.html,北极星太阳能光伏网,光伏竞价项目光伏平价项目国家电投,2020-06-16
江西印发2020年光伏发电竞争性配置项目电力送出和消纳意见,https://news.solarbe.com/202006/15/326113.html,智汇光伏,光伏发电光伏竞价项目江西省,2020-06-15
海南公示2020年第二批可再生能源项目补贴清单,https://news.solarbe.com/202006/10/325960.html,海南电网,可再生能源补贴光伏补贴海南光伏市场,2020-06-10
山西大同市公布2020年光伏平价上网优选项目名单,https://news.solarbe.com/202006/10/325946.html,大同市能源局,平价上网光伏平价山西光伏市场,2020-06-10
湖北申报8.75GW平价项目：光伏7.64GW 、风电1.11GW,https://news.solarbe.com/202006/09/325916.html,世纪新能源网,平价项目光伏项目湖北光伏市场,2020-06-09
特变电工252MW、三峡100MW、大唐40MW：新疆兵团公示2020光伏项目名单,https://news.solarbe.com/202006/09/325901.html,新疆发改委,特变电工三峡大唐,2020-06-09
广西9.9GW光伏竞价、平价名单发布,https://news.solarbe.com/202006/08/325887.html,广西省发改委,光伏项目光伏竞价光伏平价广西省光伏市场,2020-06-08
承诺配20%储能 山东省976MW光伏竞价名单公布 东营财金、国家电投、大唐等入围,https://news.solarbe.com/202006/08/325865.html,国网山东,光伏竞价光伏储能光伏项目,2020-06-08
广州发展、中能建、中广核、大唐、南网等入围 广东公布1.58GW竞价光伏项目名单,https://news.solarbe.com/202006/08/325863.html,广东发改委,光伏竞价光伏项目广东光伏市场,2020-06-08
190个项目未过复核！首批可再生能源补贴清单最新公示,https://news.solarbe.com/202006/08/325853.html,国家可再生能源信息管理中心,光伏补贴可再生能源补贴光伏项目,2020-06-08
广东电网关于属地区域内拟纳入2020年可再生能源补贴项目清单（第二阶段）的公示,https://news.solarbe.com/202006/04/325783.html,南方电网,广东电网可再生能源补贴,2020-06-04
中核山东120MW、大唐110MW 新疆发改委正式公布600MW竞价项目名单,https://news.solarbe.com/202006/04/325771.html,新疆发改委,光伏竞价中核山东大唐,2020-06-04
葛洲坝国际签署澳大利亚85MW光伏电站EPC,https://news.solarbe.com/202006/04/325748.html,光伏全球日参,中国能建光伏项目光伏企业,2020-06-04
华能、中煤、浙能三巨头联手 签约山西600万千瓦平价风光项目,https://news.solarbe.com/202006/02/325654.html,中国华能,华能浙能光伏项目,2020-06-02
光伏闪亮荒山,https://news.solarbe.com/202005/30/325587.html,人民日报,金寨金寨光伏,2020-05-30
119.79亿元 超3.35GW 5月这些光伏项目签约落地！,https://news.solarbe.com/202005/28/325494.html,北极星太阳能光伏网,光伏项目光伏项目签约光伏发电,2020-05-28
总投资40亿元！内蒙古阿拉善盟签订1GW光伏治沙项目,https://news.solarbe.com/202005/21/325179.html,内蒙古自治区政府,光伏项目光伏治沙内蒙古光伏市场,2020-05-21
总投资5亿元 100MW复合光伏项目落户广东化州市,https://news.solarbe.com/202005/08/324600.html,南粤橘城,复合光伏项目光伏+广东光伏市场,2020-05-08
象山首个滩涂光伏项目竞价招商 大唐国际拔头筹,https://news.solarbe.com/202005/07/324586.html,中国象山港网站,大唐国际滩涂光伏光伏发电,2020-05-07
晶科以0.0135美元/千瓦时电价中标阿布扎比1.5GW光伏项目,https://news.solarbe.com/202004/30/324419.html,北极星太阳能光伏网,晶科光伏招标光伏上网电价,2020-04-30
壳牌将巴西投建130MW太阳能发电项目,https://news.solarbe.com/202004/26/324294.html,北极星太阳能光伏网,壳牌光伏电站投资巴西光伏市场,2020-04-26
重磅 | 石河子1GW光伏落户八师134团,https://news.solarbe.com/202004/21/324094.html,中国石河子,光伏电站平价上网光伏发电,2020-04-21
泰国最大水面漂浮电站顺利并网,https://news.solarbe.com/202004/17/323982.html,阳光电源,光伏企业阳光电源水面漂浮电站,2020-04-17
探秘中国首个 T?V 认证分布式光伏发电项目,https://news.solarbe.com/202003/28/323229.html,世纪新能源网,光伏项目德国T?V认证分布式光伏,2020-03-28
渔光标杆 | 华东最大平价光伏项目,https://news.solarbe.com/202003/23/323034.html,华为智能光伏,渔光互补光伏电站平价光伏项目智能光伏,2020-03-23
50兆瓦，中国能建葛洲坝公司签订津巴布韦光伏电站项目合同,https://news.solarbe.com/202003/19/322940.html,PV-Tech,海外光伏市场津巴布韦中国能建,2020-03-19
独家报道：爱康一举拿下越南556MW最大单体支架项目，发展高端智能制造,https://news.solarbe.com/202003/16/322740.html,索比光伏网,光伏项目支架项目爱康集团,2020-03-16
竞价标杆 | 宁夏又一190MW智能光伏顺利并网,https://news.solarbe.com/202003/16/322739.html,华为智能光伏,光伏发电项目竞价标杆智能光伏顺智能光伏顺,2020-03-16
白城市加速推动光伏发电领跑奖励激励基地项目(二期)建设,https://news.solarbe.com/202003/16/322737.html,吉林日报,领跑者光伏示范基地白城领跑者,2020-03-16
签约200MW、5GW在谈 大唐吉林公司发力松原光伏、风电项目,https://news.solarbe.com/202003/16/322717.html,微信公众号“光伏”,大唐集团光伏发电光伏电站,2020-03-16
甘肃能源监管办与酒泉市委 研究推进酒泉新能源基地高质量发展,https://news.solarbe.com/202003/13/322145.html,甘肃能源监管办,新能源项目电力市场弃风弃光,2020-03-13
大唐200MW光伏发电项目签约,https://news.solarbe.com/202003/13/322144.html,新华财经,大唐光伏发电光伏项目,2020-03-13
2020山东省节能专项资金拟入围名单 54家企业入围“太阳能”+多能互补清洁供热项目,https://news.solarbe.com/202003/10/322014.html,山东省能源局,光伏取暖多能互补山东光伏市场,2020-03-10
天水村级光伏扶贫电站项目纳入国家财政补助目录,https://news.solarbe.com/202003/10/322007.html,中国甘肃网,光伏扶贫分布式光伏甘肃光伏市场,2020-03-10
